episode_id,color_id
141,8
227,11
361,11
353,7
144,13
50,6
91,7
345,3
42,2
83,3
270,9
303,6
94,12
228,12
388,1
220,8
167,2
354,8
387,5
178,11
84,4
170,7
357,13
398,14
304,7
95,13
136,14
296,3
34,3
307,12
213,5
254,6
45,12
205,1
37,8
380,2
171,8
163,4
391,11
297,4
383,7
330,1
121,7
349,14
113,3
46,13
300,9
247,3
333,6
258,12
250,8
384,8
376,4
208,11
342,11
334,7
125,13
166,14
30,4
326,3
197,1
284,6
122,7
209,12
114,3
201,8
25,11
72,6
159,11
368,5
64,2
379,14
117,14
22,5
14,1
329,13
65,3
151,6
285,6
372,11
277,2
68,8
196,14
15,2
330,14
26,11
227,1
18,7
361,1
193,8
280,13
144,3
272,9
364,6
102,6
94,2
228,2
11,4
52,5
44,1
186,5
359,13
178,1
10,8
197,14
356,7
147,13
307,2
53,6
139,9
45,2
273,9
56,11
97,12
399,5
3,5
231,12
391,1
223,8
129,1
215,4
181,11
352,9
98,13
258,2
90,9
310,12
216,5
257,6
48,12
208,1
40,8
227,14
342,1
174,8
260,11
394,11
345,6
386,7
177,13
378,3
124,7
311,13
75,2
303,9
295,5
127,12
33,5
261,12
25,1
167,5
253,8
159,1
200,2
387,8
211,11
203,7
390,13
337,7
128,13
288,2
34,6
120,9
329,3
67,3
254,9
340,12
246,5
37,11
78,12
287,6
70,8
212,12
372,1
204,8
196,4
330,4
162,11
26,1
113,6
154,7
382,14
333,9
79,13
280,3
63,5
29,12
21,8
155,8
367,7
359,3
105,7
284,9
317,6
108,12
242,12
147,3
234,8
368,8
192,11
97,2
184,7
371,13
231,2
22,8
318,7
150,14
14,4
181,1
59,12
98,3
226,9
101,8
397,7
229,14
48,2
363,14
260,1
6,5
394,1
185,7
272,12
313,13
177,3
135,6
127,2
261,2
93,9
180,14
44,4
219,5
51,12
211,1
2,7
390,3
128,3
340,2
86,6
172,9
78,2
306,9
393,14
212,2
264,12
28,1
215,7
181,14
214,11
165,6
385,9
131,13
291,2
123,9
29,2
257,9
241,1
260,14
375,1
207,8
378,6
210,13
116,6
157,7
344,13
108,2
336,9
242,2
160,12
66,5
294,12
200,5
286,8
192,1
24,8
211,14
244,11
329,6
370,7
161,13
67,6
153,9
362,3
59,2
100,3
287,9
70,11
111,12
17,5
245,12
9,1
237,8
363,4
195,11
146,6
187,7
321,7
112,13
272,2
313,3
104,9
238,9
271,6
62,12
54,8
241,14
188,8
51,2
138,7
325,13
366,14
130,3
317,9
275,12
267,8
225,11
89,1
217,7
264,2
351,7
142,13
183,14
134,9
214,1
5,7
92,12
301,6
226,12
131,3
176,11
81,2
396,14
260,4
293,1
39,5
31,1
218,7
305,12
210,3
255,11
160,2
302,6
389,11
294,2
85,8
126,9
213,14
32,2
118,5
347,14
252,5
244,1
35,7
169,7
297,13
161,3
381,6
172,12
119,6
111,2
339,9
245,2
331,5
77,9
28,4
69,5
61,1
248,7
80,14
195,1
289,8
214,14
112,3
373,7
164,13
324,2
115,8
156,9
62,2
290,9
282,5
73,11
114,12
274,1
20,5
293,14
12,1
199,7
240,8
191,3
23,10
243,13
149,6
377,13
369,9
275,2
316,3
107,9
13,2
99,5
286,11
24,11
65,12
225,1
16,7
57,8
244,14
319,8
142,3
362,6
194,13
100,6
141,7
328,13
92,2
320,9
226,2
312,5
58,9
50,5
278,12
42,1
229,7
176,1
8,8
195,14
396,4
228,11
179,6
354,7
145,13
305,2
346,3
137,9
271,9
357,12
263,5
54,11
95,12
255,1
87,8
274,14
389,1
221,8
347,4
130,6
171,7
358,13
399,14
350,9
96,13
1,4
88,9
300,8
46,12
38,8
225,14
258,11
384,7
175,13
80,4
301,9
125,12
30,3
259,12
164,3
251,8
73,1
114,2
388,13
39,8
167,14
243,3
377,3
255,14
288,11
335,6
126,12
327,2
118,8
65,2
380,14
285,5
76,11
277,1
68,7
15,1
202,7
194,3
26,10
18,6
69,8
110,9
61,4
102,5
289,11
281,7
27,11
228,1
19,7
11,3
145,3
186,4
365,6
156,12
197,13
357,2
189,9
95,2
323,9
315,5
307,1
45,1
232,7
273,8
224,3
56,10
399,4
96,3
182,6
14,13
316,6
308,2
99,8
140,9
46,2
132,5
319,11
360,12
57,11
98,12
258,1
49,7
277,14
352,8
183,7
392,1
175,3
216,4
227,13
133,6
361,13
125,2
353,9
259,2
345,5
91,9
42,4
311,12
75,1
262,7
94,14
209,1
41,8
228,14
387,7
178,13
84,6
170,9
379,3
304,9
390,12
296,5
87,11
128,12
288,1
307,14
254,8
205,3
37,10
76,1
163,6
391,13
383,9
330,3
121,9
247,5
333,8
71,8
258,14
208,13
27,1
155,7
342,13
334,9
326,5
292,12
197,3
284,8
242,11
106,1
147,2
25,13
72,8
159,13
368,7
231,1
22,7
109,12
318,6
14,3
288,14
148,3
151,8
57,1
98,2
372,13
15,4
101,7
310,1
235,7
26,13
227,3
361,3
185,6
272,11
177,2
110,12
311,2
102,8
143,9
314,7
60,11
261,1
52,7
44,3
186,7
178,3
398,6
2,6
189,12
87,1
128,2
356,9
307,4
53,8
340,1
86,5
265,7
97,14
212,1
3,7
231,14
391,3
129,3
215,6
140,12
181,13
132,8
173,9
79,2
352,11
299,5
291,1
82,7
29,1
216,7
257,8
208,3
260,13
166,6
394,13
386,9
292,2
124,9
116,5
303,11
295,7
41,11
127,14
242,1
33,7
261,14
336,8
25,3
159,3
200,4
379,6
211,13
371,2
117,6
203,9
109,2
337,9
329,5
120,11
67,5
340,14
59,1
246,7
287,8
70,10
212,14
196,6
28,13
330,6
162,13
363,3
154,9
146,5
333,11
280,5
112,12
272,1
63,7
291,14
238,8
21,10
241,13
60,1
188,7
367,9
359,5
105,9
317,8
108,14
242,14
147,5
275,11
139,1
192,13
393,3
184,9
318,9
14,6
55,7
264,1
47,3
276,12
181,3
352,1
226,11
131,2
397,9
48,4
268,7
355,12
260,3
6,7
394,3
272,14
177,5
218,6
305,11
210,2
344,2
135,8
302,5
93,11
294,1
85,7
219,7
211,3
43,10
222,12
169,6
120,1
161,2
348,8
340,4
86,8
172,11
381,5
78,4
306,11
298,7
245,1
264,14
28,3
162,3
248,6
382,6
173,12
214,13
374,2
165,8
206,9
112,2
385,11
332,5
123,11
29,4
115,7
257,11
324,1
249,7
290,8
241,3
293,13
199,6
378,8
325,2
116,8
157,9
149,5
377,12
283,5
74,11
160,14
275,1
66,7
294,14
13,1
200,7
192,3
24,10
16,6
203,12
244,13
150,6
236,9
142,2
370,9
276,2
153,11
328,12
279,7
320,8
111,14
226,1
17,7
245,14
9,3
363,6
195,13
146,8
187,9
179,5
321,9
313,5
145,12
305,1
324,14
230,7
54,10
274,13
93,1
180,6
51,4
138,9
347,3
130,5
317,11
222,2
358,12
350,8
1,3
275,14
172,1
306,1
393,6
225,13
217,9
351,9
47,6
134,11
175,12
343,5
309,12
214,3
301,8
226,14
385,1
131,5
259,11
123,1
42,13
176,13
388,12
293,3
39,7
31,3
218,9
305,14
336,1
377,2
168,8
255,13
74,1
389,13
294,4
335,5
126,11
118,7
205,12
252,7
244,3
202,6
153,1
194,2
381,8
328,2
119,8
339,11
331,7
77,11
278,1
69,7
61,3
248,9
195,3
281,6
27,10
206,12
198,8
104,1
145,2
373,9
365,5
62,4
290,11
282,7
114,14
274,3
20,7
191,5
232,6
23,12
366,6
157,12
358,2
149,8
190,9
96,2
369,11
275,4
316,5
107,11
13,4
99,7
308,1
46,1
233,7
225,3
16,9
57,10
49,6
236,12
277,13
134,1
175,2
100,8
395,5
320,11
361,12
312,7
58,11
144,14
259,1
50,7
278,14
42,3
176,3
396,6
187,12
228,13
388,2
179,8
220,9
354,9
346,5
137,11
271,11
357,14
263,7
95,14
255,3
307,13
213,6
205,2
130,8
171,9
163,5
350,11
391,12
1,6
88,11
129,12
297,5
308,14
247,4
38,10
339,1
217,12
258,13
77,1
250,9
384,9
80,6
376,5
342,12
334,8
125,14
259,14
156,1
75,13
122,8
209,13
31,6
72,7
159,12
23,2
369,1
288,13
107,1
148,2
335,8
65,4
151,7
285,7
76,13
236,2
277,3
372,12
15,3
202,9
194,5
26,12
18,8
361,2
152,8
58,1
364,7
102,7
289,13
94,3
27,13
281,9
228,3
60,10
11,5
239,12
145,5
186,6
137,1
178,2
365,8
103,8
189,11
323,11
315,7
106,13
147,14
307,3
53,7
45,3
232,9
224,5
265,6
56,12
399,6
3,6
190,12
231,13
182,8
391,2
129,2
349,5
140,11
46,4
132,7
341,1
266,7
57,13
98,14
258,3
269,12
175,5
216,6
208,2
395,8
342,2
133,8
174,9
394,12
345,7
91,11
177,14
292,1
83,7
311,14
75,3
209,3
295,6
41,10
33,6
220,12
261,13
159,2
387,9
84,8
170,11
379,5
371,1
304,11
390,14
296,7
87,13
128,14
288,3
34,7
37,12
171,12
212,13
76,3
163,8
204,9
372,2
383,11
330,5
121,11
26,2
113,7
322,1
247,7
79,14
71,10
63,6
250,12
110,1
291,13
29,13
155,9
334,11
375,12
326,7
367,8
158,14
292,14
189,1
323,1
242,13
106,3
147,4
234,9
72,10
368,9
371,14
231,3
22,9
109,14
318,8
14,5
140,1
59,13
269,2
15,6
101,9
397,8
7,2
48,3
235,9
322,14
227,5
193,12
353,1
394,2
185,8
272,13
91,1
311,4
143,11
135,7
314,9
60,13
261,3
44,5
178,5
219,6
170,1
398,8
2,8
189,14
136,8
222,11
356,11
348,7
45,6
86,7
340,3
37,2
78,3
265,9
212,3
3,9
223,12
383,1
129,5
215,8
121,1
349,8
382,5
165,7
352,13
299,7
90,13
131,14
291,3
82,9
29,3
249,6
40,12
174,12
166,8
378,7
75,6
116,7
325,1
108,3
41,13
295,9
242,3
74,10
25,5
253,12
200,6
192,2
379,8
117,8
203,11
337,11
329,7
120,13
161,14
276,1
67,7
59,3
279,6
70,12
204,12
245,13
196,8
363,5
154,11
355,1
146,7
193,2
280,7
71,13
112,14
272,3
321,8
324,13
143,1
230,6
21,12
60,3
188,9
367,11
359,7
191,14
10,2
325,14
222,1
356,1
234,12
275,13
267,9
97,6
184,11
393,5
318,11
223,2
264,3
55,9
142,14
47,5
276,14
173,1
5,8
226,13
397,11
48,6
268,9
260,5
6,9
386,1
218,8
305,13
124,1
302,7
93,13
253,2
294,3
85,9
32,3
219,9
211,5
252,6
203,1
35,8
222,14
337,1
169,8
340,6
381,7
172,13
78,6
119,7
306,13
70,2
298,9
245,3
36,9
28,5
256,12
248,8
154,1
382,8
206,11
385,13
332,7
123,13
29,6
115,9
324,3
21,2
249,9
241,5
282,6
367,1
199,8
105,1
157,11
108,6
149,7
377,14
283,7
74,13
275,3
66,9
13,3
286,12
233,6
24,12
184,1
225,2
16,8
150,8
236,11
276,4
362,7
153,13
309,1
100,7
328,14
92,3
279,9
226,3
312,6
9,5
237,12
278,13
397,1
229,8
176,2
363,8
396,5
179,7
321,11
313,7
145,14
305,3
263,6
54,12
255,2
188,12
274,15
93,3
180,8
221,9
389,2
51,6
138,11
224,14
43,2
130,7
96,14
1,5
267,12
308,13
172,3
393,8
217,11
264,6
351,11
392,12
343,7
134,13
175,14
206,1
385,3
259,13
123,3
251,9
81,6
73,2
388,14
207,2
293,5
23,1
210,7
157,1
160,6
294,6
335,7
126,13
286,2
32,6
118,9
327,3
252,9
76,12
236,1
370,1
202,8
153,3
111,6
152,7
331,9
77,13
237,2
278,3
289,12
195,5
281,8
27,12
187,1
19,8
206,14
321,1
239,11
324,6
365,7
62,6
103,7
290,13
54,2
95,3
282,9
357,3
274,5
106,12
12,5
240,12
232,8
138,1
366,8
190,11
182,7
369,13
316,7
107,13
148,14
267,2
99,9
308,3
46,3
233,9
319,12
57,12
217,1
49,8
236,14
183,8
269,11
309,4
395,7
141,11
92,6
133,7
320,13
361,14
125,3
312,9
259,3
50,9
42,5
176,5
262,8
209,2
396,8
388,4
220,11
354,11
346,7
137,13
178,14
338,3
84,7
263,9
296,6
87,12
221,12
126,3
213,8
380,5
171,11
76,2
163,7
350,13
391,14
297,7
88,13
129,14
300,12
247,6
38,12
77,3
250,11
289,2
80,8
376,7
208,14
27,2
342,14
239,1
30,7
326,6
373,1
164,7
251,12
292,13
114,6
106,2
240,2
159,14
23,4
64,5
56,1
243,7
190,1
107,3
148,4
327,6
319,2
65,6
151,9
57,2
285,9
372,14
277,5
68,11
269,1
15,5
7,1
194,7
235,8
227,4
18,10
193,11
364,9
110,13
311,3
8,2
281,11
60,12
220,1
11,7
52,8
239,14
354,1
186,8
137,3
178,4
357,6
398,7
189,13
95,6
136,7
323,13
87,2
315,9
221,2
307,5
139,12
45,5
273,12
37,1
224,7
265,8
171,1
399,8
3,8
190,14
223,11
349,7
300,2
46,6
132,9
341,3
38,2
266,9
352,12
258,5
49,11
90,12
250,1
82,8
269,14
384,1
216,8
342,4
174,11
125,6
166,7
353,13
394,14
345,9
91,13
292,3
75,5
303,12
295,8
41,12
33,8
220,14
25,4
167,8
253,11
159,4
387,11
379,7
170,13
371,3
117,7
296,9
288,5
34,9
120,12
254,12
246,8
380,8
68,1
196,7
383,13
330,7
121,13
162,14
26,4
113,9
322,3
333,12
193,1
280,6
71,12
63,8
250,14
110,3
21,11
155,11
375,14
326,9
359,6
10,1
197,7
284,12
189,3
147,6
234,11
368,11
192,14
231,5
22,11
223,1
14,7
148,7
276,13
140,3
151,12
352,2
90,2
310,5
101,11
7,4
48,5
235,11
40,1
227,7
268,8
174,1
6,8
193,14
91,3
311,6
143,13
303,2
94,8
135,9
344,3
41,2
127,5
314,11
261,5
52,11
93,12
253,1
44,7
387,1
178,7
219,8
170,3
390,6
222,13
128,6
356,13
120,2
348,9
254,2
340,5
86,9
37,4
306,12
70,1
298,8
204,1
36,8
223,14
121,3
341,6
382,7
173,13
333,2
165,9
299,9
385,12
291,5
82,11
123,12
29,5
257,12
21,1
249,8
155,1
174,14
207,11
386,13
378,9
284,2
325,3
116,9
336,12
242,5
74,12
234,1
25,7
66,8
253,14
368,1
200,8
371,6
203,13
22,1
150,7
337,13
329,9
276,3
153,12
287,12
279,8
17,8
9,4
237,11
101,1
363,7
154,13
146,9
280,9
272,5
63,11
104,12
313,6
143,3
230,8
52,1
93,2
180,7
367,13
359,9
105,13
10,4
51,5
222,3
356,3
267,11
306,2
97,8
184,13
393,7
256,1
47,7
134,12
181,7
309,13
385,2
131,6
82,1
123,2
397,13
257,2
48,8
176,14
268,11
260,7
207,1
386,3
210,6
344,6
336,2
127,8
168,9
74,2
302,9
389,14
294,5
85,11
286,1
32,5
24,1
211,7
252,8
203,3
35,10
161,6
153,2
381,9
78,8
119,9
328,3
70,4
339,12
36,11
77,12
237,1
28,7
256,14
331,8
154,3
374,6
206,13
112,6
198,9
104,2
332,9
324,5
115,11
21,4
62,5
54,1
241,7
282,8
188,1
20,8
207,14
240,11
23,13
325,6
366,7
157,13
317,2
358,3
149,9
283,9
369,12
275,5
66,11
107,12
267,1
13,5
286,14
233,8
184,3
16,10
236,13
55,1
142,6
134,2
362,9
309,3
100,9
320,12
9,7
50,8
237,14
176,4
355,6
396,7
388,3
179,9
321,13
313,9
305,5
137,12
271,12
263,8
221,11
85,1
126,2
213,7
51,8
138,13
347,7
130,9
350,12
1,7
88,12
267,14
172,5
300,11
339,2
217,13
77,2
351,13
392,14
343,9
289,1
80,7
214,7
301,12
206,3
164,6
251,11
115,1
156,2
290,2
122,9
209,14
293,7
240,1
31,7
23,3
157,3
377,6
168,12
369,2
160,8
107,2
335,9
327,5
118,11
24,4
252,11
319,1
244,7
35,13
285,8
236,3
68,10
370,3
194,6
328,6
320,2
111,8
152,9
69,11
61,7
289,14
8,1
195,7
19,10
11,6
198,12
239,13
145,6
373,13
137,2
365,9
271,2
357,5
103,9
54,4
282,11
274,7
315,8
106,14
221,1
12,7
240,14
138,3
358,6
399,7
190,13
350,2
96,6
182,9
88,2
316,9
308,5
99,11
300,1
319,14
38,1
225,7
266,8
217,3
49,10
269,13
175,6
309,6
395,9
141,13
301,2
342,3
133,9
353,12
50,11
91,12
251,1
42,7
345,8
388,6
220,13
39,1
167,7
354,13
346,9
338,5
84,9
170,12
304,12
255,7
296,8
34,8
221,14
126,5
254,11
118,1
205,6
37,13
380,7
171,13
76,4
163,9
372,3
297,9
121,12
26,3
113,8
300,14
247,8
331,1
250,13
69,1
110,2
376,9
27,4
334,12
239,3
30,9
326,8
251,14
156,5
197,6
284,11
189,2
122,12
323,2
114,8
72,11
273,1
64,7
243,9
190,3
99,1
140,2
65,8
151,11
360,5
285,11
277,7
68,13
269,3
15,7
7,3
141,3
227,6
18,12
361,6
152,12
193,13
353,2
144,8
185,9
91,2
311,5
102,11
8,4
94,7
303,1
41,1
228,7
220,3
178,6
170,2
398,9
304,2
95,8
136,9
390,5
87,4
128,5
356,12
307,7
53,11
139,14
254,1
45,7
273,14
37,3
171,3
391,6
182,12
223,13
215,9
121,2
349,9
300,4
333,1
79,5
266,11
352,14
71,1
258,7
90,14
299,8
208,6
342,6
174,13
334,2
125,8
166,9
158,5
345,11
386,12
292,5
83,11
124,12
284,1
75,7
209,7
242,4
33,10
25,6
253,13
72,1
159,6
379,9
117,9
296,11
337,12
288,7
329,8
120,14
67,8
254,14
70,13
372,6
204,13
196,9
330,9
26,6
113,11
154,12
18,2
322,5
333,14
193,3
280,8
272,4
63,10
364,1
110,5
102,1
143,2
21,13
155,13
367,12
359,8
105,12
10,3
197,9
284,14
189,5
356,2
147,8
234,13
53,1
368,13
56,6
97,7
184,12
231,7
22,13
223,3
181,6
132,1
98,8
310,7
101,13
257,1
48,7
227,9
174,3
260,6
394,6
386,2
177,8
83,1
124,2
135,11
127,7
261,7
52,13
93,14
253,3
44,9
387,3
170,5
211,6
203,2
390,8
337,2
128,8
169,9
340,7
86,11
172,14
287,1
78,7
70,3
212,7
36,10
28,6
215,12
162,6
113,1
154,2
382,9
79,8
374,5
71,4
385,14
291,7
82,13
123,14
238,1
29,7
257,14
21,3
155,3
166,12
207,13
367,2
158,8
199,9
105,2
378,11
325,5
317,1
108,7
336,14
242,7
283,8
234,3
66,10
286,13
192,6
24,13
184,2
318,2
109,8
150,9
142,5
329,11
370,12
276,5
67,11
153,14
59,7
9,6
196,12
101,3
237,13
229,9
397,2
363,9
355,5
146,11
321,12
272,7
313,8
104,14
238,14
143,5
135,1
54,13
188,13
93,4
180,9
389,3
359,11
10,6
51,7
138,12
2,2
43,3
317,14
222,5
348,1
267,13
86,1
393,9
264,7
351,12
343,8
134,14
385,4
131,8
290,1
81,7
73,3
260,9
207,3
218,12
378,1
210,8
116,1
157,2
336,4
377,5
74,4
160,7
294,7
85,13
126,14
286,3
32,7
24,3
244,6
35,12
169,12
161,8
67,1
381,11
328,5
119,11
70,6
111,7
320,1
339,14
245,7
36,13
237,3
69,10
248,12
195,6
146,1
321,2
112,8
198,11
104,4
332,11
373,12
324,7
115,13
271,1
62,7
290,14
54,3
188,3
274,6
20,10
199,12
240,13
191,8
138,2
366,9
149,11
350,1
96,5
369,14
275,7
66,13
107,14
267,3
13,7
316,8
319,13
225,6
16,12
217,2
351,2
142,8
183,9
362,11
100,11
5,2
92,7
301,1
320,14
226,7
50,10
42,6
229,12
176,6
262,9
396,9
388,5
179,11
313,11
354,12
218,2
305,7
346,8
137,14
168,1
255,6
302,1
389,6
221,13
213,9
51,10
347,9
130,11
35,2
350,14
297,8
88,14
381,1
300,13
119,1
38,13
384,12
248,2
289,3
80,9
376,8
27,3
214,9
301,14
198,1
30,8
373,2
164,8
251,13
114,7
293,9
39,13
240,3
23,5
157,5
243,8
149,1
190,2
377,8
335,11
327,7
118,13
24,6
65,7
319,3
16,2
57,3
244,9
236,5
277,6
68,12
202,12
362,1
194,8
100,1
328,8
152,11
144,7
278,7
69,13
110,14
8,3
281,12
187,5
228,6
19,12
179,1
220,2
11,8
354,2
145,8
186,9
365,11
357,7
103,11
304,1
95,7
323,14
87,3
20,13
274,9
221,3
307,6
53,10
4,5
232,12
273,13
224,8
130,1
171,2
399,9
96,8
182,11
391,5
316,11
308,7
99,13
140,14
300,3
46,7
38,3
217,5
258,6
49,12
250,2
183,12
175,8
216,9
342,5
334,1
125,7
259,7
91,14
251,3
262,12
303,13
122,1
388,8
167,9
159,5
387,12
338,7
84,11
170,14
288,6
34,10
335,1
213,12
254,13
118,3
205,8
246,9
380,9
76,6
163,11
372,5
68,2
383,14
202,2
330,8
121,14
26,5
18,1
333,13
152,1
289,6
281,2
27,6
155,12
19,2
334,14
239,5
365,1
197,8
284,13
103,1
147,7
72,13
232,2
273,3
368,12
190,5
231,6
22,12
182,1
14,8
316,1
148,8
319,6
360,7
151,13
57,6
98,7
285,13
49,2
90,3
277,9
352,3
269,5
7,5
235,12
395,1
141,5
227,8
133,1
174,2
361,8
185,11
177,7
364,13
311,7
102,13
143,14
303,3
94,9
41,3
228,9
220,5
261,6
52,12
44,8
186,12
178,8
84,1
170,4
304,4
390,7
87,6
128,7
315,13
120,3
53,13
307,9
254,3
37,5
265,12
171,5
163,1
391,8
129,8
215,11
341,7
173,14
333,3
79,7
71,3
258,9
291,6
82,12
216,12
257,13
208,8
155,2
375,5
166,11
158,7
345,13
386,14
292,7
83,13
124,14
284,3
295,12
242,6
33,12
234,2
25,8
167,12
72,3
159,8
200,9
368,2
379,11
371,7
117,11
203,14
22,2
109,7
318,1
337,14
288,9
67,10
59,6
246,12
151,3
196,11
101,2
330,11
235,2
322,7
113,13
154,14
18,4
193,5
185,1
272,6
238,13
102,3
230,9
60,6
367,14
186,2
105,14
10,5
398,1
2,1
189,7
317,13
273,6
265,2
306,3
97,9
184,14
3,2
231,9
318,14
14,11
55,12
215,1
47,8
349,1
181,8
352,6
90,6
131,7
82,2
310,9
397,14
216,2
257,3
268,12
174,5
260,8
166,1
394,8
185,14
218,11
344,7
135,13
295,2
41,6
127,9
336,3
74,3
261,9
85,12
219,12
379,1
211,8
117,1
169,11
120,6
161,7
348,13
340,9
86,13
287,3
212,9
298,12
196,1
28,8
215,14
162,8
248,11
382,11
165,13
112,7
291,9
115,12
21,5
249,12
241,8
188,2
375,8
367,4
199,11
191,7
378,13
325,7
116,13
157,14
317,3
108,9
242,9
275,6
66,12
13,6
200,12
192,8
16,11
150,11
351,1
142,7
134,3
67,13
276,7
5,1
279,12
226,6
9,8
363,11
268,2
355,7
146,13
187,14
321,14
218,1
305,6
143,7
230,12
271,13
135,3
93,6
180,11
85,2
219,2
347,8
138,14
2,4
43,5
35,1
222,7
169,1
1,8
86,3
172,6
306,6
393,11
339,3
217,14
36,2
264,9
256,5
47,11
248,1
382,1
173,7
214,8
301,13
165,3
385,6
123,6
115,2
249,2
290,3
81,9
73,5
207,5
293,8
39,12
199,1
31,8
218,14
116,3
377,7
74,6
160,9
369,3
66,2
294,9
32,9
118,12
24,5
252,12
16,1
244,8
150,1
169,14
370,4
153,6
381,13
328,7
119,13
279,2
320,3
111,9
245,9
237,5
28,11
69,12
229,1
248,14
363,1
195,8
146,3
321,4
198,13
145,7
373,14
324,9
271,3
62,9
282,12
188,5
274,8
20,12
180,1
12,8
199,14
232,11
366,11
358,7
149,13
350,3
96,7
88,3
275,9
267,5
308,6
99,12
233,12
393,1
225,8
392,5
47,1
134,6
175,7
362,13
309,7
100,13
141,14
5,4
92,9
312,12
259,6
251,2
42,8
176,8
262,11
396,11
388,7
179,13
354,14
305,9
338,6
263,12
304,13
168,3
255,8
389,8
126,6
213,11
118,2
205,7
347,11
130,13
171,14
202,1
381,3
119,3
247,9
77,6
69,2
384,14
289,5
80,11
281,1
27,5
19,1
206,7
334,13
198,3
122,13
282,2
73,8
114,9
323,3
20,2
106,5
240,5
72,12
232,1
23,7
366,1
149,3
369,6
335,13
99,2
327,9
233,2
16,4
285,12
49,1
236,7
277,8
183,1
15,8
202,14
18,13
320,6
361,7
152,13
353,3
144,9
50,2
278,9
364,12
270,5
102,12
262,1
8,5
281,14
396,1
228,8
179,3
186,11
137,6
365,13
357,9
103,13
263,2
304,3
95,9
87,5
307,8
53,12
213,1
4,7
45,8
232,14
347,1
265,11
399,11
350,6
391,7
182,13
1,1
88,6
129,7
316,13
383,3
308,9
300,5
38,5
266,12
258,8
392,8
216,11
80,1
208,7
342,7
133,13
334,3
125,9
259,9
42,11
83,12
292,6
75,8
262,14
122,3
209,8
295,11
72,2
159,7
387,14
338,9
84,13
296,12
288,8
335,3
151,2
380,11
285,2
76,8
163,13
204,14
372,7
235,1
26,7
113,12
322,6
18,3
247,12
152,3
364,2
102,2
27,8
155,14
19,4
314,1
239,7
186,1
365,3
103,3
189,6
323,6
106,8
147,9
234,14
53,2
368,14
273,5
64,11
265,1
56,7
399,1
3,1
190,7
231,8
182,3
318,13
14,10
132,2
360,9
352,5
98,9
49,4
277,11
269,7
15,11
101,14
216,1
7,7
235,14
133,3
174,4
353,6
394,7
185,13
345,2
91,6
177,9
83,2
311,9
303,5
94,11
295,1
33,1
220,7
261,8
167,1
44,10
186,14
170,6
398,13
304,6
390,9
296,2
337,3
128,9
120,5
307,11
45,11
340,8
246,1
37,7
265,14
380,1
212,8
163,3
383,6
215,13
121,6
162,7
113,2
341,9
247,2
333,5
299,12
63,1
250,7
82,14
291,8
29,8
216,14
249,11
334,6
375,7
166,13
367,3
158,9
292,9
378,12
75,11
116,12
108,8
295,14
242,8
25,10
200,11
192,7
379,13
371,9
117,13
22,4
109,9
318,3
329,12
276,6
67,12
59,8
246,14
279,11
196,13
397,3
330,13
322,9
268,1
146,12
193,7
280,12
185,3
272,8
143,6
230,11
94,1
135,2
60,8
188,14
52,4
359,12
219,1
10,7
2,3
222,6
356,6
139,8
86,2
306,5
97,11
3,4
89,7
231,11
298,1
36,1
223,7
264,8
215,3
47,10
90,8
131,9
385,5
82,4
123,5
257,5
48,11
249,1
40,7
268,14
174,7
166,3
386,6
177,12
218,13
378,2
210,9
116,2
344,9
295,4
127,11
33,4
261,11
302,12
66,1
253,7
85,14
200,1
294,8
32,8
219,14
117,3
203,6
337,6
169,13
329,2
120,8
161,9
67,2
153,5
340,11
287,5
78,11
119,12
279,1
70,7
298,14
204,7
245,8
196,3
28,10
248,13
154,6
382,13
146,2
374,9
280,2
321,3
112,9
291,11
332,12
238,5
29,11
115,14
230,1
21,7
62,8
249,14
324,8
188,4
367,6
199,13
359,2
191,9
325,9
317,5
108,11
149,12
283,12
234,7
275,8
267,4
13,8
200,14
97,1
184,6
16,13
150,13
55,4
142,9
351,3
134,5
276,9
362,12
59,11
100,12
5,3
92,8
279,14
226,8
397,6
48,1
176,7
363,13
268,4
355,9
179,12
313,12
218,3
305,8
230,14
135,5
263,11
127,1
93,8
180,13
389,7
51,11
252,1
43,7
130,12
35,3
222,9
169,3
381,2
172,8
78,1
119,2
393,13
264,11
256,7
47,13
248,3
382,3
165,5
206,6
198,2
131,12
385,8
123,8
164,9
290,5
81,11
282,1
73,7
20,1
207,7
199,3
31,10
23,6
210,12
157,6
108,1
149,2
377,9
74,8
160,11
369,5
294,11
335,12
286,7
118,14
233,1
24,7
252,14
16,3
150,3
236,6
370,6
161,12
202,13
362,2
153,8
194,9
100,2
328,9
320,5
111,11
312,1
58,5
331,14
50,1
237,7
278,8
281,13
19,13
179,2
321,6
313,2
104,8
145,9
194,14
354,3
137,5
324,11
365,12
357,8
103,12
263,1
54,7
282,14
180,3
191,12
232,13
51,1
138,6
224,9
366,13
130,2
358,9
350,5
96,9
88,5
316,12
267,7
308,8
99,14
46,8
233,14
217,6
49,13
351,6
392,7
183,13
134,8
175,9
309,9
395,12
5,6
92,11
133,12
301,5
259,8
42,10
262,13
81,1
122,2
396,13
388,9
39,4
84,12
263,14
160,1
335,2
126,8
213,13
32,1
118,4
205,9
347,13
252,4
35,6
76,7
163,12
285,1
68,3
297,12
202,3
119,5
247,11
111,1
152,2
339,8
77,8
289,7
80,13
376,12
281,3
27,7
19,3
198,5
239,6
326,11
373,6
164,12
365,2
156,8
62,1
103,2
282,4
323,5
114,11
20,4
106,7
315,1
240,7
31,13
232,3
64,10
366,3
243,12
190,6
369,8
316,2
107,8
148,9
99,4
327,11
319,7
65,11
151,14
266,1
57,7
285,14
49,3
183,3
269,6
15,10
7,6
194,12
235,13
92,1
361,9
58,8
144,11
353,5
345,1
278,11
270,7
311,8
262,3
8,7
396,3
314,13
220,6
354,6
186,13
137,8
178,9
84,2
357,11
398,12
304,5
95,11
296,1
87,7
315,14
34,1
221,7
213,3
45,10
37,6
224,12
265,13
171,6
399,13
163,2
391,9
297,2
88,8
129,9
383,5
121,5
308,11
349,12
300,7
46,11
132,14
247,1
38,7
266,14
216,13
80,3
208,9
342,9
125,11
30,2
326,1
345,14
251,7
292,8
83,14
75,10
122,5
295,13
114,1
33,13
167,13
72,4
159,9
368,3
243,2
371,8
117,12
22,3
296,14
327,1
65,1
380,13
76,10
372,9
68,6
330,12
235,3
322,8
113,14
18,5
247,14
152,5
193,6
280,11
185,2
110,8
19,6
60,7
11,2
52,3
239,9
326,14
186,3
197,12
357,1
189,8
95,1
136,2
323,8
147,11
53,4
139,7
273,7
265,3
399,3
3,3
182,5
223,6
14,12
215,2
148,12
140,8
181,9
352,7
98,11
299,1
90,7
82,3
15,13
269,9
216,3
48,10
227,12
268,13
174,6
125,1
166,2
394,9
91,8
177,11
386,5
311,11
303,7
94,13
135,14
295,3
41,7
33,3
167,3
253,6
44,12
387,6
178,12
219,13
379,2
170,8
211,9
117,2
390,11
296,4
337,5
128,11
34,4
120,7
329,1
254,7
45,13
86,14
246,3
78,10
298,13
196,2
383,8
330,2
121,8
162,9
154,5
341,11
382,12
333,7
165,14
280,1
71,7
299,14
63,3
29,10
21,6
208,12
249,13
155,6
241,9
375,9
367,5
359,1
105,5
292,11
197,2
284,7
325,8
116,14
378,14
147,1
234,6
25,12
368,6
200,13
192,9
184,5
371,11
22,6
318,5
150,12
14,2
329,14
276,8
59,10
279,13
98,1
397,5
363,12
227,2
268,3
146,14
193,9
280,14
185,5
177,1
311,1
143,8
230,13
314,6
52,6
93,7
180,12
44,2
85,3
359,14
219,3
2,5
390,1
136,5
222,8
128,1
169,2
172,7
306,7
97,13
393,12
298,3
89,9
36,3
223,9
215,5
181,12
382,2
173,8
385,7
131,11
82,6
123,7
115,3
48,13
257,7
249,3
260,12
166,5
207,6
199,2
386,8
124,8
210,11
116,4
344,11
336,7
127,13
168,14
283,1
74,7
25,2
66,3
253,9
200,3
286,6
32,10
211,12
252,13
203,8
109,1
150,2
337,8
329,4
370,5
161,11
153,7
340,13
381,14
287,7
78,13
119,14
279,3
70,9
196,5
237,6
28,12
229,2
162,12
363,2
154,8
195,9
146,4
321,5
112,11
198,14
313,1
104,7
238,7
230,3
62,10
54,6
241,12
282,13
180,2
105,8
325,11
317,7
108,13
149,14
283,14
267,6
192,12
233,13
97,3
184,8
225,9
393,2
142,11
47,2
134,7
276,11
181,2
343,1
100,14
5,5
131,1
176,9
268,6
355,11
396,12
260,2
179,14
39,3
313,14
210,1
344,1
263,13
127,3
168,4
255,9
389,9
126,7
51,13
211,2
252,3
43,9
130,14
347,12
35,5
169,5
161,1
339,7
77,7
264,13
28,2
69,3
256,9
343,14
248,5
80,12
214,12
374,1
206,8
112,1
164,11
115,6
156,7
290,7
122,14
241,2
282,3
20,3
207,9
199,5
240,6
191,1
23,8
210,14
366,2
157,8
377,11
369,7
160,13
66,6
107,7
294,13
335,14
99,3
32,13
286,9
233,3
24,9
65,10
16,5
244,12
150,5
236,8
142,1
183,2
370,8
362,4
194,11
328,11
320,7
111,13
152,14
58,7
9,2
50,3
237,9
229,5
61,12
8,6
195,12
396,2
187,8
179,4
313,4
354,5
145,11
346,1
137,7
365,14
271,7
62,13
103,14
263,3
54,9
180,5
221,6
213,2
4,8
51,3
138,8
347,2
358,11
399,12
350,7
96,11
182,14
1,2
88,7
316,14
300,6
46,10
38,6
225,12
266,13
217,8
392,9
384,5
175,11
80,2
376,1
395,14
214,2
301,7
92,13
133,14
342,8
30,1
164,1
251,6
42,12
176,12
81,3
122,4
209,9
388,11
293,2
39,6
346,14
84,14
243,1
377,1
168,7
255,12
296,13
160,3
34,13
335,4
118,6
205,11
380,12
244,2
285,3
372,8
163,14
297,14
194,1
26,8
328,1
247,13
111,3
77,10
69,6
110,7
364,3
289,9
376,14
281,5
19,5
11,1
198,7
239,8
145,1
326,13
164,14
373,8
365,4
197,11
323,7
114,13
274,2
20,6
106,9
315,3
53,3
240,9
23,11
224,1
56,8
243,14
358,1
190,8
399,2
96,1
99,6
140,7
327,13
319,9
65,13
277,12
183,5
269,8
15,12
175,1
7,8
